scenario	n_reps	n_phen	K	truth_h2	truth_c2	truth_Vp	est_h2_mean	est_h2_sd	est_c2_mean	est_c2_sd	est_Vp_mean	bias_A_mean	bias_C_mean	bias_E_mean	bias_Vp_mean	bias_h2_mean	bias_c2_mean	converged_frac	diverged_frac	wall_s_mean
dev_mcem_K_common	5	1020	0.15	0.5	0.2	1.0	0.45188619999999996	0.11800487559715489	0.21913657999999997	0.10214023436913586	1.132306	0.019234399999999985	0.04610125999999999	0.0669728	0.13230599999999998	-0.048113800000000005	0.019136579999999993	0.8	0.0	5.75343
dev_mcem_K_rare	5	1020	0.15	0.5	0.2	1.0	0.22706428	0.15272054801627713	0.3131232	0.12736371178911204	1.1468952	-0.25979868	0.18165359999999997	0.22504	0.14689519999999995	-0.27293572	0.11312319999999998	0.8	0.0	18.16744
dev_mcem_h2_low	5	1020	0.15	0.2	0.2	1.0	0.17112734000000002	0.16403759095822518	0.13798866	0.04258285720719079	1.0341848	-0.020756440000000008	-0.055088440000000016	0.11002999999999993	0.034184799999999974	-0.028872660000000005	-0.062011340000000005	0.6	0.0	10.535404
dev_mcem_n1k	5	1020	0.15	0.5	0.2	1.0	0.4978954	0.11264994158365106	0.17754940000000002	0.06725471906342335	1.043568	0.0296068	-0.020310400000000013	0.034272400000000015	0.04356800000000001	-0.002104600000000012	-0.0224506	1.0	0.0	6.341825999999999
